{
  "logreg": {
    "val_illicit_f1": 0.5565410199556541,
    "illicit_f1": 0.2527955773338359,
    "illicit_precision": 0.14630599185573007,
    "illicit_recall": 0.9289012003693444,
    "roc_auc": 0.8611803370247041,
    "pr_auc": 0.2130577914887903,
    "best_C": 10.0
  },
  "gcn": {
    "val_illicit_f1": 0.5005302226935313,
    "illicit_f1": 0.20823516212274207,
    "illicit_precision": 0.11851851851851852,
    "illicit_recall": 0.8568790397045245,
    "roc_auc": 0.794223362852807,
    "pr_auc": 0.20376156211334243
  },
  "graphsage": {
    "val_illicit_f1": 0.8620689655172413,
    "illicit_f1": 0.5398058252427185,
    "illicit_precision": 0.46581769436997317,
    "illicit_recall": 0.641735918744229,
    "roc_auc": 0.8835894509482147,
    "pr_auc": 0.5234649319756393
  },
  "evolve_gcn": {
    "illicit_f1": 0.2840466926070039,
    "illicit_precision": 0.175672719317436,
    "illicit_recall": 0.7414589104339797,
    "roc_auc": 0.8306432527378422,
    "pr_auc": 0.2470131583723294,
    "val_illicit_f1": 0.5531667635095875
  }
}