{"epoch": [1, 2, 3, 4, 5, 6, 7, 8, 9, 10, 11, 12, 13, 14, 15, 16, 17, 18, 19, 20, 21, 22, 23, 24, 25, 26, 27, 28, 29, 30, 31, 32, 33, 34, 35, 36, 37, 38, 39, 40, 41, 42, 43, 44, 45, 46, 47, 48, 49, 50, 51, 52, 53, 54, 55, 56, 57, 58, 59, 60, 61, 62, 63, 64, 65, 66, 67, 68, 69, 70, 71, 72, 73, 74, 75, 76, 77, 78, 79, 80, 81, 82, 83, 84, 85, 86, 87, 88, 89, 90, 91, 92, 93, 94, 95, 96, 97, 98, 99, 100], "train_loss": [0.7344422936439514, 2.990649938583374, 3.7284679412841797, 2.118056535720825, 1.2991211414337158, 1.1359810829162598, 0.9178414940834045, 0.7634149193763733, 0.7519299983978271, 0.7523087859153748, 0.9330642819404602, 0.6415038704872131, 0.8397747278213501, 0.801503598690033, 0.8828579187393188, 0.9542765021324158, 0.841143012046814, 0.7336094379425049, 0.6468198895454407, 0.500467836856842, 0.77968829870224, 0.47877976298332214, 0.5468314290046692, 0.6906952261924744, 1.8604251146316528, 0.5005170702934265, 0.6619048714637756, 0.8695909380912781, 0.6384707093238831, 0.6080731749534607, 0.6300444602966309, 0.42642590403556824, 0.4359055459499359, 0.43281227350234985, 0.43902817368507385, 0.40569695830345154, 0.41302570700645447, 0.39493328332901, 0.4014419913291931, 0.4057336747646332, 0.3816831111907959, 0.35428550839424133, 0.3826572000980377, 0.36536136269569397, 0.34595751762390137, 0.3488400876522064, 0.3812524676322937, 0.3990439176559448, 0.36275699734687805, 0.357994019985199, 0.3478371500968933, 0.3664270341396332, 0.350327730178833, 0.36833885312080383, 0.3903883397579193, 0.39194026589393616, 0.3788454234600067, 0.342089980840683, 0.3515283167362213, 0.33969512581825256, 0.3650720417499542, 0.34100839495658875, 0.35334911942481995, 0.3150152266025543, 0.3188309967517853, 0.3135952651500702, 0.31361302733421326, 0.31949445605278015, 0.3137896656990051, 0.31038177013397217, 0.30705541372299194, 0.3183508813381195, 0.30412718653678894, 0.3137127161026001, 0.2997514605522156, 0.304820716381073, 0.2955363690853119, 0.2958713173866272, 0.2893632650375366, 0.294778972864151, 0.2881128787994385, 0.29075756669044495, 0.2830439507961273, 0.2835443317890167, 0.2762703001499176, 0.2758924663066864, 0.27557849884033203, 0.2742595672607422, 0.27468135952949524, 0.2729324996471405, 0.2700660228729248, 0.2678128182888031, 0.2695488929748535, 0.2673788070678711, 0.2650752663612366, 0.27459368109703064, 0.2845269739627838, 0.2946516275405884, 0.2860029339790344, 0.27932867407798767], "val_f1": [0.3468795355587808, 0.007272727272727273, 0.3780590717299578, 0.259656652360515, 0.3533834586466165, 0.3678832116788321, 0.3429844097995546, 0.4243641231593039, 0.364604125083167, 0.4043956043956044, 0.4310595065312046, 0.36612903225806454, 0.41889985895627646, 0.41878172588832485, 0.3386537126995142, 0.4095354523227384, 0.3544137022397892, 0.35978195033313143, 0.3821805392731536, 0.44045977011494253, 0.3902714932126697, 0.3812785388127854, 0.3632538569424965, 0.11982881597717546, 0.4006235385814497, 0.4053333333333333, 0.35333333333333333, 0.42376237623762375, 0.1324200913242009, 0.2115971515768057, 0.4019081693500298, 0.38673412029229903, 0.36373507057546145, 0.33690476190476193, 0.4170731707317073, 0.3800140745953554, 0.43036211699164345, 0.47478991596638653, 0.47019423978566643, 0.4934289127837515, 0.49573621375781696, 0.5096525096525096, 0.49204665959703076, 0.5, 0.4987225344915687, 0.41576673866090713, 0.38702583837273224, 0.4163402350307778, 0.4763458401305057, 0.47485743908761013, 0.4730206757438225, 0.4883720930232558, 0.5083507306889353, 0.5046535677352637, 0.4776264591439689, 0.4876604146100691, 0.4966785896780787, 0.47996041563582387, 0.4837117472852912, 0.4858980702622464, 0.5, 0.5176093916755603, 0.5084745762711864, 0.5107913669064749, 0.5097435897435898, 0.4962178517397882, 0.4967385850476668, 0.49547738693467336, 0.5030549898167006, 0.5054040144107051, 0.4973319103521878, 0.5081536033666492, 0.5045685279187817, 0.4874031007751938, 0.48830409356725146, 0.4780114722753346, 0.4916584887144259, 0.5048247841543931, 0.5159268929503916, 0.5126877265665458, 0.5105506948018528, 0.515625, 0.5186351706036746, 0.5134706814580031, 0.5094142259414226, 0.5201887781856319, 0.5199579831932774, 0.5198744769874477, 0.5195618153364632, 0.5158277114686041, 0.5139607032057911, 0.5123456790123457, 0.5157949249093734, 0.5100051308363264, 0.5035750766087844, 0.5197018104366348, 0.5213483146067416, 0.520845231296402, 0.5251009809578765, 0.5531667635095875]}