{"epoch": [1, 2, 3, 4, 5, 6, 7, 8, 9, 10, 11, 12, 13, 14, 15, 16, 17, 18, 19, 20, 21, 22, 23, 24, 25, 26, 27, 28, 29, 30, 31, 32, 33, 34, 35, 36, 37, 38, 39, 40, 41, 42, 43], "train_loss": [1.157455325126648, 1.441219449043274, 0.9255492687225342, 0.5719674229621887, 0.5200279951095581, 0.5540695786476135, 0.5282648801803589, 0.49185502529144287, 0.44824308156967163, 0.4298390746116638, 0.42401841282844543, 0.4275314211845398, 0.4291916489601135, 0.4234790802001953, 0.41348502039909363, 0.40425124764442444, 0.3935696482658386, 0.38453155755996704, 0.3752179443836212, 0.36671963334083557, 0.3660743236541748, 0.3616451025009155, 0.3585980236530304, 0.35501059889793396, 0.35413748025894165, 0.3433721661567688, 0.33501121401786804, 0.33276253938674927, 0.3308185636997223, 0.33441945910453796, 0.3220974802970886, 0.3195093870162964, 0.3201020359992981, 0.318818598985672, 0.3086468577384949, 0.31020933389663696, 0.30757904052734375, 0.30470868945121765, 0.29817724227905273, 0.29744723439216614, 0.29840853810310364, 0.290483295917511, 0.29137784242630005], "val_f1": [0.0, 0.46206896551724136, 0.44594594594594594, 0.4197952218430034, 0.4627940470475276, 0.44413793103448274, 0.4382940108892922, 0.44423877834335956, 0.4583732057416268, 0.4755244755244755, 0.4908996359854394, 0.4989429175475687, 0.5005302226935313, 0.4966021955044433, 0.48429584599797365, 0.475296442687747, 0.4683115626511853, 0.4588457899716178, 0.4532340623545835, 0.44719926538108357, 0.4437357630979499, 0.4445458694659973, 0.44566712517193946, 0.4485463774803876, 0.4558270676691729, 0.4627862595419847, 0.4661508704061896, 0.4697265625, 0.4722085587801279, 0.4745427582797825, 0.47360631475086334, 0.4727807748896518, 0.466441332689522, 0.46095238095238095, 0.4585687382297552, 0.456795889771135, 0.4539138490041686, 0.4534937528921795, 0.45615671641791045, 0.46066886481394254, 0.4639618138424821, 0.4711024769305488, 0.47901234567901235]}