{"epoch": [1, 2, 3, 4, 5, 6, 7, 8, 9, 10, 11, 12, 13, 14, 15, 16, 17, 18, 19, 20, 21, 22, 23, 24, 25, 26, 27, 28, 29, 30, 31, 32, 33, 34, 35, 36, 37, 38, 39, 40, 41, 42, 43, 44, 45, 46, 47, 48, 49, 50, 51, 52, 53, 54, 55, 56, 57, 58, 59, 60, 61, 62, 63, 64, 65, 66, 67, 68, 69, 70, 71, 72, 73, 74, 75, 76, 77, 78, 79, 80, 81, 82, 83, 84, 85, 86, 87, 88, 89, 90, 91, 92, 93, 94, 95, 96, 97, 98, 99, 100, 101, 102, 103, 104, 105, 106, 107, 108, 109, 110, 111, 112, 113, 114, 115, 116, 117, 118, 119, 120, 121, 122, 123, 124, 125, 126, 127, 128, 129, 130, 131, 132, 133, 134, 135, 136, 137, 138, 139, 140, 141, 142, 143, 144, 145, 146, 147, 148, 149, 150, 151, 152, 153, 154, 155, 156, 157, 158, 159, 160, 161, 162, 163, 164, 165, 166, 167, 168, 169, 170, 171, 172, 173, 174, 175, 176, 177, 178, 179], "train_loss": [0.7553547620773315, 1.0818694829940796, 0.5724987387657166, 0.4634038507938385, 0.4561249017715454, 0.4232444167137146, 0.3799157738685608, 0.3476124405860901, 0.3303165137767792, 0.31563836336135864, 0.31526443362236023, 0.29713520407676697, 0.27721351385116577, 0.2665521502494812, 0.2592790424823761, 0.24290205538272858, 0.23696765303611755, 0.22596919536590576, 0.21144774556159973, 0.21189053356647491, 0.20778749883174896, 0.19674472510814667, 0.18935874104499817, 0.18762166798114777, 0.17808403074741364, 0.16803503036499023, 0.16836540400981903, 0.17234495282173157, 0.16291604936122894, 0.16165971755981445, 0.15727467834949493, 0.14877356588840485, 0.1461055874824524, 0.14498849213123322, 0.14472542703151703, 0.14190372824668884, 0.13850687444210052, 0.13633199036121368, 0.1331859678030014, 0.129911407828331, 0.12525221705436707, 0.12274054437875748, 0.12234446406364441, 0.12181703746318817, 0.11874446272850037, 0.11653991788625717, 0.11489938944578171, 0.10994722694158554, 0.10976678133010864, 0.107755646109581, 0.10583627223968506, 0.10612491518259048, 0.10059194266796112, 0.09909655153751373, 0.09607084840536118, 0.10033124685287476, 0.09387686848640442, 0.09518755972385406, 0.08928149193525314, 0.08800078928470612, 0.09360916167497635, 0.08801744133234024, 0.08475004881620407, 0.08526833355426788, 0.08873440325260162, 0.08078945428133011, 0.08018700778484344, 0.08333972841501236, 0.08158393949270248, 0.07759670168161392, 0.07822653651237488, 0.07654891908168793, 0.07817133516073227, 0.07733990252017975, 0.07283284515142441, 0.07311442494392395, 0.07174119353294373, 0.07315144687891006, 0.07293069362640381, 0.0667562186717987, 0.07082274556159973, 0.06653153896331787, 0.064449742436409, 0.06947284936904907, 0.0677587240934372, 0.06532375514507294, 0.07139146327972412, 0.06444691866636276, 0.06975588947534561, 0.06400012224912643, 0.06364713609218597, 0.06434279680252075, 0.06523924320936203, 0.06319766491651535, 0.062202371656894684, 0.06176194176077843, 0.0629451796412468, 0.059518199414014816, 0.0632142648100853, 0.060394980013370514, 0.05777343735098839, 0.05637802928686142, 0.060560666024684906, 0.0588461272418499, 0.05617443844676018, 0.058163754642009735, 0.058969054371118546, 0.058125488460063934, 0.056999556720256805, 0.059322651475667953, 0.055921994149684906, 0.05524932220578194, 0.055483728647232056, 0.06008495017886162, 0.056861989200115204, 0.05396172031760216, 0.05474402755498886, 0.05415443331003189, 0.051057346165180206, 0.05521361902356148, 0.05595386400818825, 0.05119515582919121, 0.05064469575881958, 0.05730177089571953, 0.051822710782289505, 0.05428631976246834, 0.05026935786008835, 0.051610738039016724, 0.049184102565050125, 0.05009829252958298, 0.05054676905274391, 0.050341714173555374, 0.050463590770959854, 0.0510123074054718, 0.04824304208159447, 0.04912567511200905, 0.05498306825757027, 0.04391087591648102, 0.05401347577571869, 0.04788573086261749, 0.04620420187711716, 0.05281965807080269, 0.04813713580369949, 0.04989701136946678, 0.050614677369594574, 0.04885290935635567, 0.0473661832511425, 0.04932594299316406, 0.0468110516667366, 0.050204064697027206, 0.0466533824801445, 0.04582219943404198, 0.04811675846576691, 0.04597092419862747, 0.04722542688250542, 0.044259145855903625, 0.04598211124539375, 0.04729644954204559, 0.04316306859254837, 0.04245300590991974, 0.05619364231824875, 0.04811927303671837, 0.046381592750549316, 0.050053466111421585, 0.048325054347515106, 0.047279756516218185, 0.04770100116729736, 0.04927031695842743, 0.04474155232310295, 0.04885970056056976, 0.04745465889573097, 0.044301826506853104, 0.04378678277134895, 0.04998026788234711, 0.041376013308763504, 0.044432926923036575, 0.043469663709402084, 0.041780296713113785, 0.039866525679826736],